spaces,nospace,count_words
anal,anal,10
anus,anus,4
apeshit,apeshit,0
ass,ass,1923
asshole,asshole,44
bangbus,bangbus,0
bastard,bastard,8
bbw,bbw,1
bdsm,bdsm,0
beaner,beaner,28
beaners,beaners,10
bimbos,bimbos,0
bitch,bitch,10651
bitches,bitches,2921
blowjob,blowjob,0
bondage,bondage,0
boner,boner,4
boob,boob,17
boobs,boobs,11
bukkake,bukkake,0
busty,busty,0
butt,butt,63
camgirl,camgirl,0
camslut,camslut,0
cialis,cialis,1
clit,clit,4
cock,cock,48
cocks,cocks,8
coon,coon,62
coons,coons,21
cum,cum,50
cumming,cumming,3
cumshot,cumshot,1
cunt,cunt,276
darkie,darkie,6
dick,dick,347
dildo,dildo,6
dolcett,dolcett,0
dommes,dommes,0
dvda,dvda,0
ecchi,ecchi,0
erotic,erotic,0
erotism,erotism,0
escort,escort,4
eunuch,eunuch,0
fag,fag,820
faggot,faggot,533
fecal,fecal,0
felch,felch,0
feltch,feltch,0
femdom,femdom,0
figging,figging,0
fisting,fisting,1
footjob,footjob,0
fuck,fuck,2126
fuckin,fuckin,809
fucking,fucking,570
gay sex,gaysex,0
girl on,girlon,0
goatcx,goatcx,0
goatse,goatse,0
gokkun,gokkun,0
grope,grope,0
guro,guro,1
handjob,handjob,2
hentai,hentai,10
honkey,honkey,7
hooker,hooker,13
horny,horny,1
humping,humping,1
incest,incest,2
jigaboo,jigaboo,2
jizz,jizz,0
juggs,juggs,7
kike,kike,0
kinbaku,kinbaku,5
kinky,kinky,0
livesex,livesex,0
lolita,lolita,3
milf,milf,6
mong,mong,0
nambla,nambla,0
nawashi,nawashi,46
negro,negro,0
neonazi,neonazi,1931
nigga,nigga,313
nigger,nigger,0
nig nog,nignog,17
nipple,nipple,9
nipples,nipples,0
nsfw,nsfw,41
nude,nude,0
nudity,nudity,0
nutten,nutten,0
nympho,nympho,1
orgasm,orgasm,0
orgy,orgy,0
paki,paki,22
panties,panties,1
panty,panty,0
pegging,pegging,17
penis,penis,0
pikey,pikey,5
pissing,pissing,0
pisspig,pisspig,0
playboy,playboy,0
poof,poof,3
poon,poon,0
punany,punany,72
porn,porn,4
porno,porno,0
pthc,pthc,0
pubes,pubes,2060
pussy,pussy,0
queaf,queaf,1
queef,queef,0
quim,quim,3
raghead,raghead,34
rape,rape,5
raping,raping,4
rapist,rapist,1
rectum,rectum,0
rimjob,rimjob,0
rimming,rimming,0
sadism,sadism,2
scat,scat,0
schlong,schlong,10
semen,semen,225
sex,sex,0
sexcam,sexcam,0
sexo,sexo,40
sexy,sexy,21
sexual,sexual,0
shemale,shemale,0
shibari,shibari,1282
shit,shit,26
shitty,shitty,0
shota,shota,1
skeet,skeet,69
slut,slut,2
smut,smut,0
snatch,snatch,0
sodomy,sodomy,27
spastic,spastic,0
spic,spic,0
splooge,splooge,1
spooge,spooge,0
spunk,spunk,185
strapon,strapon,29
suck,suck,1
sucks,sucks,0
swinger,swinger,153
tied up,tiedup,23
tit,tit,23
tits,tits,14
titties,titties,1
titty,titty,0
topless,topless,41
tosser,tosser,0
tranny,tranny,0
tubgirl,tubgirl,55
tushy,tushy,4
twat,twat,0
twink,twink,0
twinkie,twinkie,18
upskirt,upskirt,1
vagina,vagina,0
viagra,viagra,0
voyeur,voyeur,0
voyuer,voyuer,1
vulva,vulva,16
wank,wank,46
wetback,wetback,133
whore,whore,74
xx,xx,0
xxx,xxx,0
yaoi,yaoi,0
yiffy,yiffy,807
abbo,abbo,5
abo,abo,15
abuse,abuse,0
addict,addict,8
addicts,addicts,4
adult,adult,3
africa,africa,31
african,african,10
alla,alla,3
allah,allah,0
amateur,amateur,4
analsex,analsex,13
angie,angie,6
angry,angry,1
arab,arab,0
arabs,arabs,1
areola,areola,0
argie,argie,11
aroused,aroused,10
arse,arse,2
asian,asian,32
assault,assault,0
asses,asses,3
assfuck,assfuck,0
asshat,asshat,0
asshore,asshore,0
asskiss,asskiss,0
asslick,asslick,0
assman,assman,12
asswipe,asswipe,26
attack,attack,14
babe,babe,0
babies,babies,32
badfuck,badfuck,2
balls,balls,0
banging,banging,0
baptist,baptist,0
barf,barf,8
barface,barface,0
bast,bast,5
bazooms,bazooms,0
beast,beast,0
beatoff,beatoff,0
beaver,beaver,11151
bestial,bestial,2
bi,bi,3
biatch,biatch,1
bible,bible,0
bigass,bigass,25
bigbutt,bigbutt,1
bigger,bigger,1
bitcher,bitcher,19
bitchez,bitchez,7
bitchin,bitchin,0
bitchy,bitchy,165
biteme,biteme,8
black,black,17
blacks,blacks,53
blind,blind,0
blow,blow,0
boang,boang,0
bogan,bogan,0
bohunk,bohunk,0
bollick,bollick,33
bollock,bollock,0
bomb,bomb,0
bombers,bombers,3
bombing,bombing,0
bombs,bombs,10
bomd,bomd,2
bong,bong,1
boobies,boobies,0
booby,booby,5
boody,boody,0
boom,boom,0
boong,boong,0
boonga,boonga,77
boonie,boonie,156
booty,booty,0
bra,bra,7
brea5t,brea5t,0
breast,breast,0
brothel,brothel,0
bugger,bugger,0
buggery,buggery,0
bumfuck,bumfuck,0
bunga,bunga,37
buried,buried,0
burn,burn,0
buttman,buttman,0
byatch,byatch,9
cacker,cacker,0
cancer,cancer,13
carruth,carruth,187
chav,chav,1
chin,chin,23
chinese,chinese,0
chink,chink,0
chinky,chinky,0
choad,choad,14
chode,chode,12
christ,christ,2
church,church,0
cigs,cigs,9
clogwog,clogwog,0
cocaine,cocaine,5
cocknob,cocknob,0
cocky,cocky,0
cohee,cohee,87
coitus,coitus,63
color,color,9
colored,colored,7
commie,commie,1
condom,condom,3
coolie,coolie,0
cooly,cooly,0
coondog,coondog,0
cra5h,cra5h,85
crabs,crabs,23
crack,crack,0
crap,crap,0
crapola,crapola,6
crapper,crapper,9
crappy,crappy,0
crash,crash,8
creamy,creamy,0
crime,crime,1
crimes,crimes,0
crotch,crotch,3
cumfest,cumfest,0
cumm,cumm,0
cummer,cummer,0
cumquat,cumquat,0
cunn,cunn,1
cunntt,cunntt,0
dago,dago,4
dahmer,dahmer,247
dammit,dammit,3
damn,damn,1
damnit,damnit,59
darky,darky,25
dead,dead,0
death,death,9
dego,dego,0
demon,demon,3
deposit,deposit,7
desire,desire,0
destroy,destroy,17
deth,deth,0
devil,devil,0
dickman,dickman,0
dickwad,dickwad,253
diddle,diddle,31
die,die,75
died,died,10
dies,dies,1
dike,dike,1
dink,dink,63
dipshit,dipshit,6
dirty,dirty,3
disease,disease,3
dive,dive,4
dix,dix,0
dong,dong,0
doodoo,doodoo,36
doom,doom,66
dope,dope,2
drug,drug,243
drunk,drunk,22
drunken,drunken,0
dumb,dumb,92
dumbass,dumbass,4
dyefly,dyefly,0
dyke,dyke,0
eatme,eatme,6
ecstacy,ecstacy,1
enema,enema,131
enemy,enemy,1
erect,erect,7
ero,ero,2
ethnic,ethnic,0
evl,evl,0
execute,execute,0
faeces,faeces,5
fagging,fagging,2
fagot,fagot,0
failed,failed,1
failure,failure,33
fairies,fairies,11
fairy,fairy,1
faith,faith,1
fart,fart,0
farted,farted,211
farting,farting,0
farty,farty,3
fat,fat,0
fatah,fatah,0
fatass,fatass,0
fatfuck,fatfuck,12
fatso,fatso,0
fckcum,fckcum,0
fear,fear,0
feces,feces,4
felatio,felatio,133
felcher,felcher,45
fetish,fetish,0
fight,fight,0
fire,fire,0
firing,firing,0
fister,fister,22
flange,flange,0
flasher,flasher,0
floo,floo,0
flydie,flydie,1
flydye,flydye,214
fok,fok,18
fondle,fondle,5
fore,fore,2862
forni,forni,0
fraud,fraud,2191
fu,fu,0
fubar,fubar,24
fuc,fuc,0
fucck,fucck,161
fucka,fucka,35
fuckbag,fuckbag,11
fucked,fucked,1
fucker,fucker,0
fuckers,fuckers,1
fuckher,fuckher,0
fuckina,fuckina,1
fuckit,fuckit,0
fuckme,fuckme,35
fuckoff,fuckoff,1
fuckpig,fuckpig,10
fucks,fucks,28
fuckyou,fuckyou,1
fugly,fugly,4
fuk,fuk,0
fuks,fuks,0
funeral,funeral,1
funfuck,funfuck,2
fungus,fungus,137
fuuck,fuuck,0
gangsta,gangsta,6
gay,gay,0
gaysex,gaysex,11
geez,geez,0
geezer,geezer,2
geni,geni,0
genital,genital,244
german,german,1
getiton,getiton,0
gin,gin,221
ginzo,ginzo,3
gipp,gipp,117
girls,girls,10
gob,gob,9
god,god,0
goddamn,goddamn,0
gook,gook,1
goy,goy,2
goyim,goyim,7
gringo,gringo,0
groe,groe,0
gross,gross,54
gubba,gubba,4
gummer,gummer,0
gun,gun,0
gyp,gyp,0
gypo,gypo,0
gypp,gypp,0
gyppie,gyppie,1
gyppo,gyppo,0
gyppy,gyppy,11
hamas,hamas,0
hapa,hapa,0
harder,harder,3
hardon,hardon,2
harem,harem,246
hebe,hebe,0
heeb,heeb,1
hell,hell,1
heroin,heroin,0
herpes,herpes,0
hijack,hijack,1
hindoo,hindoo,5
hiscock,hiscock,7382
hitler,hitler,0
hiv,hiv,0
ho,ho,2237
hobo,hobo,163
hodgie,hodgie,20
hoes,hoes,0
hole,hole,28
homo,homo,0
honger,honger,5
honk,honk,27
honkers,honkers,3
honky,honky,2
hook,hook,52
hookers,hookers,0
hooters,hooters,20
hore,hore,0
hork,hork,0
horn,horn,4
horney,horney,0
hosejob,hosejob,0
hoser,hoser,0
hostage,hostage,1
hotdamn,hotdamn,0
hummer,hummer,1
husky,husky,0
hussy,hussy,0
hustler,hustler,0
hymen,hymen,15
hymie,hymie,11
iblowu,iblowu,9
idiot,idiot,0
ikey,ikey,0
illegal,illegal,0
insest,insest,10805
israel,israel,3
israeli,israeli,0
itch,itch,7
jackass,jackass,2
jackoff,jackoff,0
jade,jade,0
jap,jap,2
japcrap,japcrap,0
jebus,jebus,11
jeez,jeez,9
jerkoff,jerkoff,0
jesus,jesus,2
jew,jew,9
jewish,jewish,6
jiga,jiga,5
jigg,jigg,0
jigga,jigga,1
jiggabo,jiggabo,0
jigger,jigger,0
jiggy,jiggy,0
jihad,jihad,4
jimfish,jimfish,0
jism,jism,0
jiz,jiz,0
jizim,jizim,0
jizm,jizm,10
jizzim,jizzim,0
jizzum,jizzum,0
joint,joint,0
juggalo,juggalo,1
jugs,jugs,0
kaffer,kaffer,0
kaffir,kaffir,0
kaffre,kaffre,159
kafir,kafir,0
kanake,kanake,214
kid,kid,35
kigger,kigger,13
kill,kill,10
killed,killed,15
killer,killer,6
killing,killing,0
kills,kills,37
kink,kink,2
kissass,kissass,0
kkk,kkk,0
knife,knife,0
kock,kock,0
kondum,kondum,0
koon,koon,0
kotex,kotex,2
krap,krap,2
krappy,krappy,0
kraut,kraut,0
kum,kum,0
kummer,kummer,0
kumming,kumming,0
kumquat,kumquat,254
kums,kums,0
kunt,kunt,0
ky,ky,14
kyke,kyke,8
lactate,lactate,0
laid,laid,0
latin,latin,9
lesbain,lesbain,0
lesbayn,lesbayn,2
lesbian,lesbian,13
lesbin,lesbin,0
lesbo,lesbo,0
lez,lez,1
lezbe,lezbe,0
lezbo,lezbo,15
lezz,lezz,0
lezzo,lezzo,4
liberal,liberal,0
libido,libido,51
licker,licker,0
lickme,lickme,1
lies,lies,8
limey,limey,1
limy,limy,19
liquor,liquor,3
looser,looser,0
loser,loser,0
lotion,lotion,3
lovegoo,lovegoo,4
lovegun,lovegun,0
lowlife,lowlife,0
lsd,lsd,0
lubejob,lubejob,0
lucifer,lucifer,0
lugan,lugan,365
lynch,lynch,0
macaca,macaca,0
mad,mad,186
mafia,mafia,10
mams,mams,0
meth,meth,0
mexican,mexican,1
mgger,mgger,0
mggor,mggor,0
mideast,mideast,0
mockey,mockey,4
mockie,mockie,1
mocky,mocky,3
mofo,mofo,3
moky,moky,1
moles,moles,12
molest,molest,1
mormon,mormon,2
moron,moron,1
moslem,moslem,0
muff,muff,1
mulatto,mulatto,17
muncher,muncher,5
munt,munt,32
murder,murder,76
muslim,muslim,0
naked,naked,0
nasty,nasty,0
nastyho,nastyho,2
nazi,nazi,0
necro,necro,2718
negroes,negroes,2
negroid,negroid,2353
nig,nig,0
niger,niger,41
nigg,nigg,87
niggah,niggah,10
niggard,niggard,0
niggaz,niggaz,0
niggers,niggers,0
niggle,niggle,1
niggled,niggled,11
niggles,niggles,0
niggor,niggor,1
niggur,niggur,1
niglet,niglet,0
nignog,nignog,64
nigr,nigr,0
nigra,nigra,0
nigre,nigre,0
nip,nip,0
nittit,nittit,0
nlgger,nlgger,0
nlggor,nlggor,0
nook,nook,0
nookey,nookey,0
nookie,nookie,0
noonan,noonan,0
nooner,nooner,19
nudger,nudger,32
nuke,nuke,0
nymph,nymph,1
oral,oral,0
orga,orga,0
orgasim,orgasim,1
orgies,orgies,22
osama,osama,0
pansies,pansies,14
pansy,pansy,12
panti,panti,44
payo,payo,0
peck,peck,0
pecker,pecker,0
pee,pee,0
peehole,peehole,0
pendy,pendy,4
peni5,peni5,0
penile,penile,0
penises,penises,0
period,period,0
perv,perv,0
phuk,phuk,0
phuked,phuked,0
phuking,phuking,0
phukked,phukked,0
phungky,phungky,32
phuq,phuq,0
pi55,pi55,0
piker,piker,0
piky,piky,52
pimp,pimp,19
pimped,pimped,0
pimper,pimper,4
pindick,pindick,7
piss,piss,0
pissed,pissed,6
pisser,pisser,0
pisses,pisses,0
pissin,pissin,0
pissoff,pissoff,0
pistol,pistol,0
pixie,pixie,0
pixy,pixy,6
pocha,pocha,0
pocho,pocho,0
pohm,pohm,60
polack,polack,6
pom,pom,0
pommie,pommie,0
pommy,pommy,0
poo,poo,92
poop,poop,1
pooper,pooper,29
pooping,pooping,2
popimp,popimp,13
pot,pot,0
poverty,poverty,0
pric,pric,1
prick,prick,0
pros,pros,6
pu55i,pu55i,0
pu55y,pu55y,5
pube,pube,0
pubic,pubic,4
pud,pud,0
pudboy,pudboy,2164
pudd,pudd,98
puddboy,puddboy,98
puke,puke,0
puntang,puntang,0
puss,puss,86
pussie,pussie,0
pussies,pussies,0
pusy,pusy,3
quashie,quashie,4
queer,queer,44
quickie,quickie,2
ra8s,ra8s,10
rabbi,rabbi,12
racial,racial,1
racist,racist,0
radical,radical,75
randy,randy,0
raped,raped,0
raper,raper,0
rearend,rearend,4
redneck,redneck,2
reefer,reefer,0
reestie,reestie,380
refugee,refugee,0
reject,reject,6
remains,remains,15
rere,rere,1
retard,retard,12
ribbed,ribbed,0
rigger,rigger,0
roach,roach,0
robber,robber,0
rump,rump,1
russki,russki,4
russkie,russkie,0
sadis,sadis,4
sadom,sadom,1
sandm,sandm,9
satan,satan,0
scag,scag,1
screw,screw,0
scrotum,scrotum,0
scum,scum,1
seppo,seppo,0
servant,servant,0
sexed,sexed,0
sexfarm,sexfarm,0
sexing,sexing,4
sexpot,sexpot,0
sextogo,sextogo,4
sextoy,sextoy,18
sextoys,sextoys,0
shag,shag,0
shaggin,shaggin,0
shat,shat,0
shav,shav,2
sheeney,sheeney,0
shhit,shhit,0
shinola,shinola,0
shitcan,shitcan,0
shite,shite,12
shited,shited,2
shitfit,shitfit,0
shiting,shiting,55
shitola,shitola,56
shits,shits,4
shitted,shitted,8
shitter,shitter,1
shoot,shoot,0
sick,sick,0
sissy,sissy,3
skank,skank,1
skanky,skanky,12
skum,skum,12
skumbag,skumbag,0
slant,slant,0
slapper,slapper,0
slav,slav,13
slave,slave,11
slime,slime,9
slopey,slopey,44
slopy,slopy,0
sluts,sluts,3
slutt,slutt,2
slutty,slutty,12
smack,smack,0
snigger,snigger,0
sniper,sniper,14
snot,snot,0
sob,sob,5
sodom,sodom,2
sooty,sooty,0
sos,sos,0
soviet,soviet,2
spank,spank,24
sperm,sperm,0
spick,spick,0
spig,spig,0
spik,spik,1
spit,spit,0
spitter,spitter,6
spunky,spunky,206
squaw,squaw,9
stagg,stagg,0
stiffy,stiffy,0
stroke,stroke,3
stupid,stupid,5
sucker,sucker,0
suckme,suckme,0
suckoff,suckoff,3
suicide,suicide,3
swallow,swallow,4
swalow,swalow,0
taboo,taboo,0
taff,taff,404
tampon,tampon,0
tang,tang,7
tantra,tantra,0
tarbaby,tarbaby,0
tard,tard,0
teat,teat,0
terror,terror,26
teste,teste,0
tinkle,tinkle,5
titfuck,titfuck,21
titjob,titjob,3
tittie,tittie,3
tnt,tnt,1
toilet,toilet,4
tongue,tongue,0
tortur,tortur,1
torture,torture,0
tramp,tramp,20
trannie,trannie,0
triplex,triplex,2846
trojan,trojan,119
trots,trots,0
turd,turd,0
turnon,turnon,0
uck,uck,0
uk,uk,0
urinary,urinary,2
urinate,urinate,0
urine,urine,2
usama,usama,18
uterus,uterus,3
vaginal,vaginal,1
vatican,vatican,0
vibr,vibr,0
virgin,virgin,0
vomit,vomit,4
wab,wab,1
wanker,wanker,0
wanking,wanking,0
waysted,waysted,5
weapon,weapon,16
weenie,weenie,0
weewee,weewee,1
welcher,welcher,0
welfare,welfare,5
wetb,wetb,1
wetspot,wetspot,350
whacker,whacker,8
whash,whash,20
whigger,whigger,1
whiskey,whiskey,3
whit,whit,13
whites,whites,1
whitey,whitey,8
whiz,whiz,715
whop,whop,0
wigger,wigger,16
willie,willie,80
willy,willy,5
wn,wn,0
wog,wog,5
wop,wop,0
wtf,wtf,0
wuss,wuss,0
wuzzie,wuzzie,0
xtc,xtc,0
yankee,yankee,0
zigabo,zigabo,0
0rgasms,0rgasms,0
4r5e,4r5e,1
4r5ed,4r5ed,0
4r5es,4r5es,0
4skin,4skin,0
5h17,5h17,0
5h1t,5h1t,0
5kank,5kank,0
abbie,abbie,0
abeed,abeed,0
aboe,aboe,0
ar5e,ar5e,0
ashole,ashole,41
assface,assface,0
assfck,assfck,0
assfk,assfk,0
assfker,assfker,0
assfkr,assfkr,0
assfook,assfook,0
asshol3,asshol3,0
azz,azz,0
azzhole,azzhole,0
b00bz,b00bz,0
b0llock,b0llock,0
b17ch,b17ch,0
b1otch,b1otch,0
b1otchs,b1otchs,0
b1tch,b1tch,0
b1tch35,b1tch35,0
b1tch3s,b1tch3s,0
b1tches,b1tches,0
b1tchez,b1tchez,1
b1tchin,b1tchin,1
b1tchs,b1tchs,1
b1tchy,b1tchy,1
ballbag,ballbag,0
basterd,basterd,2
bastid,bastid,0
basturd,basturd,0
bater,bater,0
bates,bates,0
batshit,batshit,1
bbc,bbc,1
beeotch,beeotch,0
bellend,bellend,2
bender,bender,3
bewbs,bewbs,0
beyoch,beyoch,18
beyotch,beyotch,0
biches,biches,2
biotch,biotch,42
bishes,bishes,0
bitch3s,bitch3s,0
bitched,bitched,0
bitchs,bitchs,0
bizzach,bizzach,0
BJ,BJ,0
blacky,blacky,0
boll0ck,boll0ck,0
bollox,bollox,0
breasts,breasts,0
bullshi,bullshi,0
bumhole,bumhole,0
bwc,bwc,0
c00n,c00n,0
c00nies,c00nies,8
c0ck,c0ck,0
c0cks,c0cks,0
c0x,c0x,0
c0xux0r,c0xux0r,0
caaak,caaak,0
caca,caca,0
cack,cack,0
cagone,cagone,0
cajones,cajones,4
cawk,cawk,1
cawks,cawks,1
ch1nk,ch1nk,0
chocha,chocha,24
cholo,cholo,2
cockboy,cockboy,0
cockhed,cockhed,4
cocksuk,cocksuk,0
cocsuck,cocsuck,0
coon1es,coon1es,0
cooni3s,cooni3s,0
coonie,coonie,45
coonies,coonies,0
coot,coot,0
cooter,cooter,1
cooties,cooties,0
crotchy,crotchy,0
crow,crow,0
crows,crows,0
cumball,cumball,0
cums,cums,0
cumslut,cumslut,14
cumz,cumz,0
cuntbag,cuntbag,0
cuntits,cuntits,0
cunts,cunts,0
cunty,cunty,0
cuntz,cuntz,0
cuunt,cuunt,0
d1ck,d1ck,1
d1cks,d1cks,0
d1ckz,d1ckz,0
d1ldo,d1ldo,12
dafuq,dafuq,0
darkass,darkass,0
dicks,dicks,0
dickvag,dickvag,0
dickz,dickz,0
dikhead,dikhead,0
diks,diks,0
dild0,dild0,0
dipsh1t,dipsh1t,0
dipshat,dipshat,3
dlck,dlck,0
dlcks,dlcks,533
dogsh1t,dogsh1t,109
dogshit,dogshit,1
dolt,dolt,0
doosh,doosh,67
dothead,dothead,0
douche,douche,0
f0ck,f0ck,0
f0cked,f0cked,0
f0cker,f0cker,0
f0ckers,f0ckers,0
fack,fack,0
fackuhs,fackuhs,0
fag bag,fagbag,0
fag hag,faghag,0
fag0t,fag0t,0
faget,faget,0
fagg0t,fagg0t,0
faggo,faggo,0
faggots,faggots,0
faggs,faggs,0
faggy,faggy,43
fags,fags,0
fagshit,fagshit,0
fccuker,fccuker,0
fck,fck,1
fck you,fckyou,0
fcka,fcka,0
fckahz,fckahz,0
fcked,fcked,0
fckedup,fckedup,0
fcker,fcker,0
fckin,fckin,0
fcking,fcking,0
Fckk,Fckk,0
fckked,fckked,49
fckking,fckking,0
fcks,fcks,0
fcktard,fcktard,8
fckyeah,fckyeah,0
fcuk,fcuk,361
fcuked,fcuked,0
fcuker,fcuker,1
fcukers,fcukers,0
fcuking,fcuking,0
fcukker,fcukker,4
fcuks,fcuks,1
fcvking,fcvking,11
feck,feck,0
fecker,fecker,0
feg,feg,0
fick,fick,0
finger,finger,0
fkbny,fkbny,0
fked,fked,0
fker,fker,0
fking,fking,0
fkings,fkings,0
fkker,fkker,0
flamer,flamer,7
flamers,flamers,1
focker,focker,3
fook,fook,0
fooker,fooker,0
fookuh,fookuh,0
forked,forked,0
fucc,fucc,0
fucca,fucca,0
fuccers,fuccers,0
fuccing,fuccing,0
fuccs,fuccs,0
Fuck,Fuck,8
fuck up,fuckup,6
fuckahs,fuckahs,0
fuckass,fuckass,6
fuckaz,fuckaz,0
fuckboy,fuckboy,0
fuckem,fuckem,0
fuckk,fuckk,1
fuckup,fuckup,0
fuckwad,fuckwad,0
fucs,fucs,0
fucx,fucx,4
fugged,fugged,0
fugger,fugger,0
fuggerz,fuggerz,0
fuk1n,fuk1n,0
fuk1ng,fuk1ng,0
fukcs,fukcs,0
fuker,fuker,0
fukin,fukin,0
fuking,fuking,0
fukk,fukk,0
fukka,fukka,0
fukked,fukked,0
fukker,fukker,0
fukkers,fukkers,5
fukking,fukking,3
fukkuh,fukkuh,0
fuku,fuku,4028
fukwit,fukwit,0
funbags,funbags,5
fuq,fuq,1
fux,fux,0
fux0r,fux0r,0
fvck,fvck,0
fvcka,fvcka,0
fvcker,fvcker,1
fvckers,fvckers,0
fvckin,fvckin,0
fvcking,fvcking,0
fvckker,fvckker,0
fvckwhi,fvckwhi,0
fxck,fxck,0
fxcked,fxcked,0
fxcker,fxcker,1
fxcking,fxcking,1
g0ddamn,g0ddamn,0
gaylord,gaylord,0
gaytard,gaytard,0
geebag,geebag,0
gowl,gowl,0
greaser,greaser,0
groid,groid,0
groper,groper,0
higg3r,higg3r,0
higga,higga,0
higger,higger,0
higgers,higgers,0
hoar,hoar,0
hoe,hoe,0
hoebag,hoebag,0
homos,homos,0
injun,injun,0
j3rk,j3rk,0
jagoff,jagoff,0
jewboy,jewboy,0
jiggabu,jiggabu,1
jiggas,jiggas,0
jiggs,jiggs,0
jigro,jigro,2
jizzed,jizzed,9
jizzes,jizzes,0
jizzing,jizzing,0
jizzy,jizzy,0
k1k3,k1k3,3
kikes,kikes,0
klan,klan,1
knob,knob,0
knob3d,knob3d,0
knob3nd,knob3nd,0
knobd,knobd,0
knobe,knobe,0
knobead,knobead,0
knobed,knobed,1
knobeds,knobeds,0
knobend,knobend,0
knober,knober,0
knobes,knobes,0
l3itch,l3itch,0
ladboys,ladboys,0
ladboyz,ladboyz,0
ladiboy,ladiboy,1
ladyb0i,ladyb0i,0
ladyb0y,ladyb0y,2
ladyboy,ladyboy,0
m0f0,m0f0,0
m0f0s,m0f0s,6
m0fo,m0fo,0
m0foes,m0foes,0
m0fos,m0fos,0
manseed,manseed,0
mfckers,mfckers,0
MFer,MFer,601
MFers,MFers,0
mfing,mfing,0
mfk,mfk,0
mfs,mfs,97
mfukk,mfukk,5
mfukker,mfukker,0
mof0es,mof0es,0
mof0s,mof0s,26
mofcker,mofcker,0
mofoes,mofoes,0
mofos,mofos,0
mofuck,mofuck,0
mofuk,mofuk,0
mongrel,mongrel,0
n0bhead,n0bhead,0
n1ckker,n1ckker,0
n1g3r,n1g3r,0
n1g3rz,n1g3rz,2
n1gg3r,n1gg3r,0
n1gg3rs,n1gg3rs,3
n1gga,n1gga,0
n1ggah,n1ggah,0
n1ggahs,n1ggahs,0
n1ggas,n1ggas,0
n1gger,n1gger,2
n1ggers,n1ggers,0
n1gguh,n1gguh,0
n3gro,n3gro,2
negga,negga,0
neggar,neggar,0
negr0,negr0,0
niccer,niccer,0
nicka,nicka,0
nickas,nickas,0
nicker,nicker,0
nickk3r,nickk3r,0
nickker,nickker,0
niga,niga,0
nigah,nigah,0
nigers,nigers,0
nigg3r,nigg3r,1
nigg3rs,nigg3rs,2
nigg4h,nigg4h,1
nigg4hs,nigg4hs,0
niggahs,niggahs,0
niggahz,niggahz,1
niggas,niggas,0
niggass,niggass,0
niggerz,niggerz,0
niggir,niggir,0
nigguh,nigguh,0
nigguhs,nigguhs,0
nigguhz,nigguhz,16
nignigs,nignigs,0
nigs,nigs,0
niguh,niguh,11
nikk3r,nikk3r,0
nikkas,nikkas,0
nikker,nikker,1
nobhead,nobhead,0
nobs,nobs,1
nonce,nonce,0
nuckas,nuckas,0
nutsack,nutsack,0
pedo,pedo,0
pedophl,pedophl,0
pedos,pedos,0
pedoz,pedoz,0
peen,peen,0
peener,peener,8
phaggot,phaggot,0
phagot,phagot,4
phags,phags,0
phuc,phuc,0
phucc,phucc,0
phuccer,phuccer,0
phuck,phuck,1
phuck3r,phuck3r,0
phucked,phucked,0
phucker,phucker,0
phuckin,phuckin,0
phucks,phucks,0
phucup,phucup,2
phukeds,phukeds,16
phukk,phukk,0
phukker,phukker,0
phuks,phuks,0
phuku,phuku,0
phukup,phukup,4
phuqs,phuqs,0
pigshit,pigshit,0
pricks,pricks,0
pu$sy,pu$sy,17
punani,punani,1
pusses,pusses,3
pussys,pussys,0
puta,puta,83
puussy,puussy,0
puzzies,puzzies,206
puzzy,puzzy,0
r3tard,r3tard,0
ragtard,ragtard,66
rap3d,rap3d,0
rap3,rap3,0
ramrod,ramrod,1
baztad,baztad,0
redskin,redskin,0
retardo,retardo,0
rim job,rimjob,0
sack,sack,0
sambo,sambo,0
scummy,scummy,6
scut,scut,0
sh1s,sh1s,6
sh1t,sh1t,0
sh1t3,sh1t3,0
sh1te,sh1te,2
sh1ts,sh1ts,0
sh1tt,sh1tt,0
sh1tty,sh1tty,28
sh3mal3,sh3mal3,0
sh3male,sh3male,9
sheeeet,sheeeet,0
sheet,sheet,15
shemal3,shemal3,3
shet,shet,1
shiat,shiat,344
shipdit,shipdit,0
shit3,shit3,12
shitass,shitass,0
shitbag,shitbag,1
shitdip,shitdip,0
shites,shites,0
shitey,shitey,0
shitfck,shitfck,208
shitfk,shitfk,0
shitte,shitte,0
shitti,shitti,6
shlong,shlong,0
shmale,shmale,0
shtfuk,shtfuk,0
shylock,shylock,0
skanks,skanks,0
skankz,skankz,1
slag,slag,0
slanty,slanty,154
slit,slit,0
soab,soab,0
spics,spics,0
spix,spix,0
stfu,stfu,0
tadger,tadger,0
tart,tart,0
Tranny,Tranny,1
twats,twats,1
twatt,twatt,6
vag,vag,16
w4nk3r,w4nk3r,0
w4nker,w4nker,0
wang,wang,1
wank3r,wank3r,62
wank3rs,wank3rs,0
wanked,wanked,0
wankers,wankers,0
wankies,wankies,0
wanks,wanks,0
we1back,we1back,27
weiner,weiner,0
wh0r3,wh0r3,0
wh0re,wh0re,0
whoar,whoar,0
whoars,whoars,0
whor3,whor3,0
whores,whores,0
wnker,wnker,2
wophead,wophead,3
jerk,jerk,0
bloody,bloody,0
fuckwit,fuckwit,0
pisspot,pisspot,1
scumbag,scumbag,0
smegma,smegma,0
lardass,lardass,0
sod,sod,197
sod off,sodoff,12
shyt,shyt,1
fkk,fkk,1
sht,sht,1
pss,pss,1
btch,btch,1
cck,cck,1
cnt,cnt,1
pssy,pssy,1
dam,dam,1
dmn,dmn,1
bish,bish,1
bzitch,bzitch,1
p0rn,p0rn,1
fagit,fagit,1
fggt,fggt,1
prck,prck,1
ars,ars,1
bstrd,bstrd,1
fckr,fckr,1
fckn,fckn,1
dck,dck,1
prckr,prckr,1
knt,knt,1
cnnt,cnnt,1
cumface,cumface,1
cumhole,cumhole,1
slutbag,slutbag,1
gooch,gooch,1
nutjob,nutjob,1
numpty,numpty,1
twit,twit,1
twunt,twunt,1
trollop,trollop,1
scrote,scrote,1
cumrag,cumrag,1
pissrag,pissrag,1
cumdump,cumdump,1
fucknut,fucknut,1
abid,abid,1
Arabian,Arabian,1
armo,armo,1
aseng,aseng,1
banana,banana,1
brownie,brownie,1
chotara,chotara,1
kyotara,kyotara,1
chukhna,chukhna,1
churka,churka,1
coconut,coconut,1
cracker,cracker,1
crucco,crucco,1
descent,descent,1
dogun,dogun,1
eyetie,eyetie,1
fenian,fenian,1
flip,flip,1
fritz,fritz,1
gabacho,gabacho,1
gaijin,gaijin,1
gammon,gammon,1
godon,godon,1
gub,gub,1
guiri,guiri,1
guido,guido,1
guinea,guinea,1
gusano,gusano,1
gweilo,gweilo,1
gwer,gwer,1
haji,haji,1
Madrasi,Madrasi,1
mambet,mambet,1
mamluk,mamluk,1
hick,hick,1
honkie,honkie,1
hun,hun,1
jerry,jerry,1
kalar,kalar,1
kalu,kalu,1
kalia,kalia,1
kallu,kallu,1
kebab,kebab,1
labas,labas,1
laowai,laowai,1
locust,locust,1
mayate,mayate,1
mick,mick,1
mocro,mocro,1
paddy,paddy,1
pancake,pancake,1
riots,riots,1
sawney,sawney,1
Teague,Teague,1
ghetto,ghetto,1
taig,taig,1
bomber,bomber,1
wasian,wasian,1
zip,zip,1
