"spaces","final_score"
"anal",0.563396780557798
"anus",0.600358712223119
"apeshit",NA
"ass",0.727833116553063
"asshole",0.561332198090673
"bangbus",NA
"bastard",0.560092424446238
"bbw",0.52508967805578
"bdsm",NA
"beaner",0.536439556990404
"beaners",0.530896780557798
"bimbos",NA
"bitch",1.50904793108115
"bitches",0.81556137772142
"blowjob",NA
"bondage",NA
"boner",0.525358712223119
"boob",0.579465703418844
"boobs",0.605531913159032
"bukkake",NA
"busty",NA
"butt",0.558824320688727
"camgirl",NA
"camslut",NA
"cialis",0.55008967805578
"clit",0.531608712223119
"cock",0.556387880010761
"cocks",0.538217424446238
"coon",0.562414878168022
"coons",0.570930858218994
"cum",0.539983902788987
"cumming",0.525269034167339
"cumshot",0.52508967805578
"cunt",0.580548244844487
"darkie",0.546371401668012
"dick",0.58515286748814
"dildo",0.529704735001345
"dolcett",NA
"dommes",NA
"dvda",NA
"ecchi",NA
"erotic",NA
"erotism",NA
"escort",0.606608712223119
"eunuch",NA
"fag",0.641462835007689
"faggot",0.617967259265316
"fecal",NA
"felch",NA
"feltch",NA
"femdom",NA
"figging",NA
"fisting",0.52508967805578
"footjob",NA
"fuck",0.747393552232142
"fuckin",0.628637309795782
"fucking",0.60471298302253
"gay sex",NA
"girl on",0.570448390278899
"goatcx",NA
"goatse",NA
"gokkun",NA
"grope",NA
"guro",NA
"handjob",0.52508967805578
"hentai",0.56267935611156
"honkey",0.555896780557797
"hooker",0.52205631781903
"horny",0.535781199340521
"humping",0.52508967805578
"incest",0.52508967805578
"jigaboo",0.57517935611156
"jizz",0.52517935611156
"juggs",NA
"kike",0.57205631781903
"kinbaku",NA
"kinky",0.530448390278899
"livesex",NA
"lolita",NA
"milf",0.541935700834006
"mong",0.571371401668012
"nambla",NA
"nawashi",NA
"negro",0.560646929696303
"neonazi",NA
"nigga",0.746213380086663
"nigger",0.596679455101234
"nig nog",0.484140435835351
"nipple",0.55299511518355
"nipples",0.575807102502018
"nsfw",NA
"nude",0.532335336872336
"nudity",NA
"nutten",NA
"nympho",NA
"orgasm",0.42508967805578
"orgy",NA
"paki",NA
"panties",0.550836553590791
"panty",0.52508967805578
"pegging",NA
"penis",0.538289232830609
"pikey",NA
"pissing",0.530448390278899
"pisspig",NA
"playboy",NA
"poof",NA
"poon",0.533602367500673
"punany",NA
"porn",0.533887375571697
"porno",0.537858712223119
"pthc",NA
"pubes",NA
"pussy",0.731520775488799
"queaf",NA
"queef",0.52508967805578
"quim",NA
"raghead",0.500269034167339
"rape",0.569960818602394
"raping",0.555448390278899
"rapist",0.556608712223119
"rectum",0.55008967805578
"rimjob",NA
"rimming",NA
"sadism",NA
"scat",0.52517935611156
"schlong",NA
"semen",0.568396780557798
"sex",0.555399784772666
"sexcam",NA
"sexo",NA
"sexy",0.54858712223119
"sexual",0.528073715361851
"shemale",NA
"shibari",NA
"shit",0.666683336152381
"shitty",0.52348547560412
"shota",NA
"skeet",0.52508967805578
"slut",0.57212981483431
"smut",0.52517935611156
"snatch",0.525627746390458
"sodomy",NA
"spastic",NA
"spic",0.582050937135683
"splooge",NA
"spooge",NA
"spunk",0.52508967805578
"strapon",NA
"suck",0.572130980859794
"sucks",0.549152387755544
"swinger",1.02508967805578
"tied up",0.52508967805578
"tit",0.557674990900314
"tits",0.534671290935108
"titties",0.56945389963076
"titty",0.558398349923774
"topless",0.52508967805578
"tosser",NA
"tranny",0.55367680028697
"tubgirl",NA
"tushy",NA
"twat",0.532659565795159
"twink",0.600358712223119
"twinkie",NA
"upskirt",NA
"vagina",0.55855864944848
"viagra",0.52508967805578
"voyeur",NA
"voyuer",NA
"vulva",NA
"wank",0.52508967805578
"wetback",0.598309848892476
"whore",0.556842581870217
"xx",0.549709136305924
"xxx",0.534001040992566
"yaoi",NA
"yiffy",NA
"abbo",NA
"abo",0.614997204644991
"abuse",0.540448390278899
"addict",0.508011837503363
"addicts",NA
"adult",0.503842424446238
"africa",0.531608712223119
"african",0.525269034167339
"alla",0.584231632632398
"allah",0.650896780557798
"amateur",0.491935700834006
"analsex",NA
"angie",0.531608712223119
"angry",0.535781199340521
"arab",0.521371401668012
"arabs",0.60008967805578
"areola",NA
"argie",0.52508967805578
"aroused",NA
"arse",0.580531913159032
"asian",0.598396780557797
"assault",0.48767935611156
"asses",0.540369697784952
"assfuck",NA
"asshat",0.491935700834006
"asshore",NA
"asskiss",NA
"asslick",NA
"assman",NA
"asswipe",NA
"attack",0.53440947000269
"babe",0.544639321757966
"babies",0.533398349923774
"badfuck",NA
"balls",0.574744697784952
"banging",0.47517935611156
"baptist",NA
"barf",NA
"barface",NA
"bast",0.560092424446238
"bazooms",NA
"beast",0.520448390278899
"beatoff",NA
"beaver",NA
"bestial",NA
"bi",1.5528203748543
"biatch",0.53767935611156
"bible",0.541935700834006
"bigass",0.52508967805578
"bigbutt",NA
"bigger",0.523241951394494
"bitcher",0.52508967805578
"bitchez",0.52508967805578
"bitchin",0.535914409375605
"bitchy",0.536342032104744
"biteme",NA
"black",0.562372636779416
"blacks",0.572592424446238
"blind",0.516230409301197
"blow",0.540130295446893
"boang",NA
"bogan",NA
"bohunk",NA
"bollick",NA
"bollock",NA
"bomb",0.542353315234671
"bombers",NA
"bombing",NA
"bombs",0.516935700834006
"bomd",NA
"bong",0.530896780557797
"boobies",0.53767935611156
"booby",0.52508967805578
"boody",NA
"boom",0.525448390278899
"boong",NA
"boonga",NA
"boonie",NA
"booty",0.553009106398936
"bra",0.563509007470871
"brea5t",NA
"breast",0.514913460676172
"brothel",NA
"bugger",NA
"buggery",NA
"bumfuck",NA
"bunga",NA
"buried",NA
"burn",0.550615385361148
"buttman",NA
"byatch",NA
"cacker",NA
"cancer",0.52302932472424
"carruth",NA
"chav",0.537704276263598
"chin",0.563293860601936
"chinese",0.52508967805578
"chink",0.603149551804673
"chinky",NA
"choad",NA
"chode",NA
"christ",0.528041207066631
"church",0.586492803336024
"cigs",0.53767935611156
"clogwog",NA
"cocaine",0.534140435835351
"cocknob",NA
"cocky",0.630448390278899
"cohee",NA
"coitus",NA
"color",0.541135324186172
"colored",0.535808447672855
"commie",0.520251546946462
"condom",0.525627746390458
"coolie",0.55008967805578
"cooly",0.533602367500673
"coondog",NA
"cra5h",NA
"crabs",NA
"crack",0.565269693564808
"crap",0.562932160500326
"crapola",NA
"crapper",NA
"crappy",0.592204735001345
"crash",0.553584880279795
"creamy",NA
"crime",0.563217424446238
"crimes",NA
"crotch",0.52508967805578
"cumfest",NA
"cumm",0.525269034167339
"cummer",NA
"cumquat",NA
"cunn",NA
"cunntt",NA
"dago",0.52508967805578
"dahmer",NA
"dammit",0.531608712223119
"damn",0.571543192328206
"damnit",0.525269034167339
"darky",0.57508967805578
"dead",0.553172361223208
"death",0.549241951394494
"dego",NA
"demon",0.567473769168684
"deposit",NA
"desire",0.491935700834006
"destroy",0.532770603533315
"deth",NA
"devil",0.572112762242373
"dickman",NA
"dickwad",NA
"diddle",NA
"die",0.570811077756546
"died",0.538263890696914
"dies",0.559392520850148
"dike",0.575896780557797
"dink",0.42508967805578
"dipshit",0.52508967805578
"dirty",0.565967177831584
"disease",0.550538068334679
"dive",0.650269034167339
"dix",0.525269034167339
"dong",0.506608712223119
"doodoo",NA
"doom",NA
"dope",0.551839521119182
"drug",0.540983902788988
"drunk",0.557055115317827
"drunken",0.53767935611156
"dumb",0.577553084426908
"dumbass",0.548563826318064
"dyefly",NA
"dyke",0.572380815914346
"eatme",0.537858712223119
"ecstacy",NA
"enema",NA
"enemy",0.533871401668012
"erect",0.52508967805578
"ero",0.557549352024704
"ethnic",0.52508967805578
"evl",0.539913460676173
"execute",0.62517935611156
"faeces",NA
"fagging",NA
"fagot",NA
"failed",0.540448390278899
"failure",0.52517935611156
"fairies",NA
"fairy",0.82508967805578
"faith",0.575686648568005
"fart",0.544168276795395
"farted",0.52508967805578
"farting",0.82508967805578
"farty",NA
"fat",0.580651927589433
"fatah",NA
"fatass",0.525269034167339
"fatfuck",NA
"fatso",NA
"fckcum",NA
"fear",0.57815947000269
"feces",NA
"felatio",NA
"felcher",NA
"fetish",0.537858712223119
"fight",0.555724173899909
"fire",0.547368845843422
"firing",NA
"fister",NA
"flange",NA
"flasher",NA
"floo",0.524700189954427
"flydie",NA
"flydye",NA
"fok",NA
"fondle",0.42508967805578
"fore",0.570709795525652
"forni",0.528003093892924
"fraud",0.505448390278899
"fu",0.812388854202086
"fubar",NA
"fuc",0.752840165626477
"fucck",NA
"fucka",0.539652273338714
"fuckbag",NA
"fucked",0.580276676297309
"fucker",0.540995874809434
"fuckers",0.535077367704486
"fuckher",0.52508967805578
"fuckina",NA
"fuckit",0.85008967805578
"fuckme",NA
"fuckoff",0.52508967805578
"fuckpig",NA
"fucks",0.558853017666577
"fuckyou",0.52508967805578
"fugly",0.543396780557797
"fuk",0.546260985561833
"fuks",0.42508967805578
"funeral",0.612858712223119
"funfuck",NA
"fungus",NA
"fuuck",0.57508967805578
"gangsta",0.53767935611156
"gay",0.565935528678322
"gaysex",NA
"geez",0.521371401668012
"geezer",NA
"geni",0.546441004068123
"genital",NA
"german",0.52517935611156
"getiton",NA
"gin",0.554156035774194
"ginzo",0.52508967805578
"gipp",NA
"girls",0.572420660282076
"gob",0.516935700834006
"god",0.558996606030504
"goddamn",0.560896780557797
"gook",0.592473769168684
"goy",NA
"goyim",NA
"gringo",0.52508967805578
"groe",0.56267935611156
"gross",0.525627746390458
"gubba",NA
"gummer",NA
"gun",0.565953726123218
"gyp",0.537858712223119
"gypo",NA
"gypp",NA
"gyppie",NA
"gyppo",NA
"gyppy",NA
"hamas",0.52508967805578
"hapa",NA
"harder",0.550986458613577
"hardon",NA
"harem",NA
"hebe",0.533602367500673
"heeb",0.47517935611156
"hell",0.568707143185234
"heroin",NA
"herpes",0.82508967805578
"hijack",0.60008967805578
"hindoo",NA
"hiscock",NA
"hitler",0.55008967805578
"hiv",0.660448390278899
"ho",1.21060134870357
"hobo",NA
"hodgie",NA
"hoes",0.753381379845004
"hole",0.55924942493259
"homo",0.551793561115595
"honger",NA
"honk",0.543582414133262
"honkers",NA
"honky",0.515448390278899
"hook",0.555199085283831
"hookers",0.500269034167339
"hooters",0.53767935611156
"hore",0.555624797362086
"hork",NA
"horn",0.565543561115595
"horney",NA
"hosejob",NA
"hoser",0.500358712223119
"hostage",NA
"hotdamn",NA
"hummer",NA
"husky",0.52508967805578
"hussy",NA
"hustler",0.52508967805578
"hymen",NA
"hymie",NA
"iblowu",NA
"idiot",0.55467850417003
"ikey",0.525986458613577
"illegal",0.528584880279796
"insest",NA
"israel",NA
"israeli",NA
"itch",1.52316620991449
"jackass",0.533602367500673
"jackoff",NA
"jade",0.536342032104744
"jap",0.55017935611156
"japcrap",NA
"jebus",NA
"jeez",0.56267935611156
"jerkoff",NA
"jesus",0.539622822249941
"jew",0.575807102502018
"jewish",NA
"jiga",0.57517935611156
"jigg",0.584140435835351
"jigga",0.563038068334679
"jiggabo",0.565448390278899
"jigger",NA
"jiggy",0.82508967805578
"jihad",NA
"jimfish",NA
"jism",NA
"jiz",0.531608712223119
"jizim",NA
"jizm",NA
"jizzim",NA
"jizzum",NA
"joint",0.518396780557797
"juggalo",NA
"jugs",NA
"kaffer",NA
"kaffir",0.55008967805578
"kaffre",NA
"kafir",NA
"kanake",NA
"kid",0.559856295145709
"kigger",NA
"kill",0.577251851600418
"killed",0.548853017666577
"killer",0.553088891648214
"killing",0.550896780557798
"kills",0.60967850417003
"kink",0.529704735001345
"kissass",NA
"kkk",0.546561331307094
"knife",0.55017935611156
"kock",NA
"kondum",NA
"koon",NA
"kotex",NA
"krap",NA
"krappy",NA
"kraut",0.55017935611156
"kum",0.67517935611156
"kummer",NA
"kumming",NA
"kumquat",NA
"kums",NA
"kunt",NA
"ky",0.565593186797978
"kyke",NA
"lactate",NA
"laid",0.526255492780917
"latin",0.594467424446238
"lesbain",NA
"lesbayn",NA
"lesbian",0.542473769168684
"lesbin",NA
"lesbo",0.53767935611156
"lez",0.53001196857129
"lezbe",NA
"lezbo",NA
"lezz",0.55008967805578
"lezzo",NA
"liberal",0.588011837503363
"libido",NA
"licker",0.544108712223119
"lickme",NA
"lies",0.567318678883983
"limey",NA
"limy",0.52508967805578
"liquor",0.500717424446238
"looser",0.52508967805578
"loser",0.563545988322973
"lotion",0.625269034167339
"lovegoo",NA
"lovegun",NA
"lowlife",0.541935700834006
"lsd",0.525358712223119
"lubejob",NA
"lucifer",NA
"lugan",NA
"lynch",NA
"macaca",NA
"mad",0.580609202688378
"mafia",NA
"mams",NA
"meth",0.564529580740625
"mexican",0.585896780557797
"mgger",NA
"mggor",NA
"mideast",0.60008967805578
"mockey",NA
"mockie",NA
"mocky",NA
"mofo",0.531608712223119
"moky",0.52508967805578
"moles",0.525269034167339
"molest",0.525269034167339
"mormon",0.52508967805578
"moron",0.526076136669357
"moslem",0.60008967805578
"muff",0.52517935611156
"mulatto",0.55008967805578
"muncher",NA
"munt",0.42508967805578
"murder",0.547112762242373
"muslim",0.615448390278899
"naked",0.534900947784952
"nasty",0.557473426976103
"nastyho",NA
"nazi",NA
"necro",NA
"negroes",0.56267935611156
"negroid",NA
"negro's",NA
"nig",0.81065996664688
"niger",0.53767935611156
"nigg",0.781486328403166
"niggah",0.640936548819151
"niggard",NA
"niggaz",0.575018263701604
"niggers",0.587399692002263
"niggle",0.523396780557797
"niggled",NA
"niggles",NA
"niggor",NA
"niggur",0.52508967805578
"niglet",0.541895549522668
"nignog",NA
"nigr",0.55008967805578
"nigra",0.55008967805578
"nigre",NA
"nip",0.519801895569904
"nittit",NA
"nlgger",NA
"nlggor",NA
"nook",NA
"nookey",NA
"nookie",NA
"noonan",NA
"nooner",NA
"nudger",NA
"nuke",NA
"nymph",NA
"oral",0.51880914621771
"orga",0.524744697784952
"orgasim",NA
"orgies",0.82508967805578
"osama",NA
"pansies",NA
"pansy",0.42508967805578
"panti",0.550836553590791
"payo",NA
"peck",0.526255492780916
"pecker",0.517742803336024
"pee",0.543150379908855
"peehole",NA
"pendy",NA
"peni5",NA
"penile",NA
"penises",NA
"period",0.563788001076137
"perv",0.575358712223119
"phuk",NA
"phuked",NA
"phuking",NA
"phukked",NA
"phungky",NA
"phuq",NA
"pi55",NA
"piker",NA
"piky",NA
"pimp",0.527088447784952
"pimped",NA
"pimper",NA
"pindick",NA
"piss",0.548413258900547
"pissed",0.535914409375605
"pisser",NA
"pisses",0.500358712223119
"pissin",0.529199174961887
"pissoff",NA
"pistol",0.529704735001345
"pixie",NA
"pixy",NA
"pocha",NA
"pocho",NA
"pohm",NA
"polack",NA
"pom",0.504704735001345
"pommie",NA
"pommy",NA
"poo",0.547464016680118
"poop",0.504704735001345
"pooper",NA
"pooping",NA
"popimp",NA
"pot",0.554989511566519
"poverty",0.52508967805578
"pric",0.539669629134854
"prick",0.48767935611156
"pros",0.522319660878983
"pu55i",NA
"pu55y",NA
"pube",0.52508967805578
"pubic",NA
"pud",0.629704735001345
"pudboy",NA
"pudd",0.650448390278899
"puddboy",NA
"puke",0.600358712223119
"puntang",NA
"puss",0.740609061321047
"pussie",0.551135388241925
"pussies",0.551135388241925
"pusy",NA
"quashie",NA
"queer",0.569340219773803
"quickie",NA
"ra8s",NA
"rabbi",0.533602367500673
"racial",0.531608712223119
"racist",0.570423107181582
"radical",0.71267935611156
"randy",0.515896780557797
"raped",0.542742803336024
"raper",0.47508967805578
"rearend",NA
"redneck",0.535392520850148
"reefer",NA
"reestie",NA
"refugee",NA
"reject",0.544108712223119
"remains",0.53767935611156
"rere",NA
"retard",0.568880292775252
"ribbed",NA
"rigger",0.529704735001345
"roach",0.551345170836696
"robber",0.52508967805578
"rump",0.52190947000269
"russki",NA
"russkie",NA
"sadis",NA
"sadom",NA
"sandm",0.55008967805578
"satan",0.550358712223119
"scag",NA
"screw",0.506608712223119
"scrotum",0.52508967805578
"scum",0.539695991390907
"seppo",NA
"servant",0.60008967805578
"sexed",NA
"sexfarm",NA
"sexing",0.82508967805578
"sexpot",NA
"sextogo",NA
"sextoy",NA
"sextoys",NA
"shag",0.537858712223119
"shaggin",NA
"shat",0.500358712223119
"shav",0.54605864944848
"sheeney",NA
"shhit",NA
"shinola",NA
"shitcan",NA
"shite",0.48767935611156
"shited",NA
"shitfit",NA
"shiting",NA
"shitola",NA
"shits",0.63440947000269
"shitted",0.52517935611156
"shitter",NA
"shoot",0.562659565795159
"sick",0.557700542552237
"sissy",0.544108712223119
"skank",0.600717424446238
"skanky",0.42508967805578
"skum",NA
"skumbag",NA
"slant",0.575269034167339
"slapper",0.52508967805578
"slav",0.542742803336024
"slave",0.542742803336024
"slime",NA
"slopey",NA
"slopy",NA
"sluts",0.62424273780206
"slutt",0.564622822249941
"slutty",0.57302932472424
"smack",0.540309470817946
"snigger",NA
"sniper",0.541935700834006
"snot",0.52517935611156
"sob",0.542742803336024
"sodom",NA
"sooty",NA
"sos",0.520898349923774
"soviet",NA
"spank",0.490448390278899
"sperm",0.55017935611156
"spick",NA
"spig",NA
"spik",0.52517935611156
"spit",0.530277273338714
"spitter",NA
"spunky",NA
"squaw",NA
"stagg",0.52508967805578
"stiffy",NA
"stroke",0.525538068334678
"stupid",0.578789213471211
"sucker",0.54802932472424
"suckme",NA
"suckoff",NA
"suicide",0.575269034167339
"swallow",0.720448390278899
"swalow",NA
"taboo",NA
"taff",0.491935700834006
"tampon",0.625269034167339
"tang",0.512858712223119
"tantra",NA
"tarbaby",NA
"tard",0.571997261267693
"teat",NA
"terror",0.518484889247601
"teste",NA
"tinkle",NA
"titfuck",NA
"titjob",NA
"tittie",0.564831629450274
"tnt",NA
"toilet",0.675448390278899
"tongue",0.534026096314232
"tortur",0.541935700834006
"torture",0.541935700834006
"tramp",0.52508967805578
"trannie",0.512858712223119
"triplex",NA
"trojan",0.65008967805578
"trots",NA
"turd",0.529293561115595
"turnon",NA
"uck",0.811258532413251
"uk",0.548066646620983
"urinary",NA
"urinate",NA
"urine",NA
"usama",NA
"uterus",NA
"vaginal",0.53767935611156
"vatican",NA
"vibr",0.52517935611156
"virgin",0.528003093892925
"vomit",0.516935700834006
"wab",0.52508967805578
"wanker",NA
"wanking",NA
"waysted",NA
"weapon",0.544108712223119
"weenie",1.12508967805578
"weewee",NA
"welcher",NA
"welfare",0.555448390278899
"wetb",0.598309848892476
"wetspot",NA
"whacker",0.52508967805578
"whash",NA
"whigger",0.550448390278899
"whiskey",0.55008967805578
"whit",0.584458748094341
"whites",0.547592424446238
"whitey",0.613043561115595
"whiz",0.52508967805578
"whop",0.541935700834006
"wigger",0.514627353186675
"willie",0.52508967805578
"willy",0.538217424446238
"wn",0.611217711980426
"wog",NA
"women's",0.52517935611156
"wop",0.549872348892476
"wtf",0.56279924446238
"wuss",0.625448390278899
"wuzzie",NA
"xtc",0.505448390278899
"yankee",NA
"zigabo",NA
"0rgasms",NA
"4r5e",NA
"4r5ed",NA
"4r5es",NA
"4skin",NA
"5h17",NA
"5h1t",NA
"5kank",NA
"abbie",0.52508967805578
"abeed",NA
"aboe",NA
"ar5e",NA
"ashole",NA
"assface",NA
"assfck",NA
"assfk",NA
"assfker",NA
"assfkr",NA
"assfook",NA
"asshol3",NA
"azz",0.55977436126258
"azzhole",NA
"b00bz",NA
"b0llock",NA
"b17ch",NA
"b1otch",NA
"b1otchs",NA
"b1tch",NA
"b1tch35",NA
"b1tch3s",NA
"b1tches",NA
"b1tchez",NA
"b1tchin",NA
"b1tchs",NA
"b1tchy",NA
"ballbag",NA
"basterd",NA
"bastid",NA
"basturd",NA
"bater",NA
"bates",0.52508967805578
"batshit",0.57508967805578
"bbc",0.55008967805578
"beeotch",0.52508967805578
"bellend",NA
"bender",0.47517935611156
"bewbs",NA
"beyoch",NA
"beyotch",NA
"biches",NA
"biotch",0.55008967805578
"bishes",0.55008967805578
"bitch3s",NA
"bitched",0.52517935611156
"bitchs",0.525269034167339
"bizzach",NA
"BJ",0.516891982781813
"blacky",NA
"boll0ck",NA
"bollox",NA
"breasts",0.47517935611156
"bullshi",0.562099811676083
"bumhole",NA
"bwc",NA
"c00n",NA
"c00nies",NA
"c0ck",NA
"c0cks",NA
"c0x",NA
"c0xux0r",NA
"caaak",NA
"caca",NA
"cack",NA
"cagone",NA
"cajones",NA
"cawk",NA
"cawks",NA
"ch1nk",NA
"chocha",NA
"cholo",0.560092424446238
"cockboy",NA
"cockhed",NA
"cocksuk",NA
"cocsuck",NA
"coon1es",NA
"cooni3s",NA
"coonie",NA
"coonies",NA
"coot",0.575358712223119
"cooter",0.52508967805578
"cooties",0.82508967805578
"crotchy",NA
"crow",0.549027273338714
"crows",0.42517935611156
"cumball",NA
"cums",0.600358712223119
"cumslut",NA
"cumz",NA
"cuntbag",NA
"cuntits",NA
"cunts",0.577368845843422
"cunty",NA
"cuntz",NA
"cuunt",0.52508967805578
"d1ck",NA
"d1cks",NA
"d1ckz",NA
"d1ldo",NA
"dafuq",NA
"darkass",NA
"dicks",0.563755492780917
"dickvag",NA
"dickz",NA
"dikhead",NA
"diks",NA
"dild0",NA
"dipsh1t",NA
"dipshat",NA
"dlck",NA
"dlcks",NA
"dogsh1t",NA
"dogshit",NA
"dolt",0.42508967805578
"doosh",NA
"dothead",NA
"douche",0.551076136669357
"f'ed",NA
"f'er",NA
"f0ck",NA
"f0cked",NA
"f0cker",NA
"f0ckers",NA
"fack",NA
"fackuhs",NA
"fag bag",0.52508967805578
"fag hag",0.53767935611156
"fag0t",NA
"faget",0.525269034167339
"fagg0t",NA
"faggo",0.617967259265316
"faggots",0.5886739906488
"faggs",0.55008967805578
"faggy",NA
"fags",0.577277086453661
"fagshit",NA
"fccuker",NA
"fck",0.585190341673393
"fck you",0.55008967805578
"fcka",NA
"fckahz",NA
"fcked",NA
"fckedup",NA
"fcker",NA
"fckin",0.53767935611156
"fcking",NA
"Fckk",NA
"fckked",NA
"fckking",NA
"fcks",NA
"fcktard",NA
"fckyeah",NA
"fcuk",NA
"fcuked",NA
"fcuker",NA
"fcukers",NA
"fcuking",NA
"fcukker",NA
"fcuks",NA
"fcvking",NA
"feck",NA
"fecker",NA
"feg",NA
"fick",NA
"finger",0.549204993607832
"fkbny",NA
"fked",NA
"fker",NA
"fking",0.52508967805578
"fkings",NA
"fkker",NA
"flamer",NA
"flamers",NA
"focker",NA
"fook",NA
"fooker",NA
"fookuh",NA
"forked",NA
"fucc",0.551333000243412
"fucca",NA
"fuccers",NA
"fuccing",0.541342424446238
"fuccs",NA
"Fuck",0.59809399974314
"fuck up",0.565392520850148
"fuckahs",0.52508967805578
"fuckass",NA
"fuckaz",NA
"fuckboy",0.550358712223119
"fuckem",0.52508967805578
"fuckk",0.546441004068123
"fuckup",NA
"fuckwad",NA
"fucs",NA
"fucx",NA
"fugged",NA
"fugger",NA
"fuggerz",NA
"fuk1n",NA
"fuk1ng",NA
"fukcs",NA
"fuker",NA
"fukin",0.614913460676173
"fuking",0.52508967805578
"fukk",0.500269034167339
"fukka",NA
"fukked",NA
"fukker",NA
"fukkers",NA
"fukking",NA
"fukkuh",NA
"fuku",NA
"fukwit",NA
"funbags",NA
"fuq",0.528842424446238
"fux",0.579704735001345
"fux0r",NA
"fvck",0.508871401668012
"fvcka",NA
"fvcker",NA
"fvckers",NA
"fvckin",0.52508967805578
"fvcking",NA
"fvckker",NA
"fvckwhi",NA
"fxck",0.612858712223119
"fxcked",NA
"fxcker",NA
"fxcking",NA
"g0ddamn",NA
"gaylord",NA
"gaytard",NA
"geebag",NA
"gowl",NA
"greaser",NA
"groid",NA
"groper",NA
"higg3r",NA
"higga",NA
"higger",0.550448390278899
"higgers",0.550269034167339
"hoar",NA
"hoe",0.912346594976775
"hoebag",NA
"homos",0.545448390278899
"injun",0.55008967805578
"j3rk",NA
"jagoff",NA
"jewboy",NA
"jiggabu",NA
"jiggas",0.55008967805578
"jiggs",NA
"jigro",NA
"jizzed",NA
"jizzes",NA
"jizzing",NA
"jizzy",NA
"k1k3",NA
"kikes",0.55008967805578
"klan",0.52508967805578
"knob",0.475269034167339
"knob3d",NA
"knob3nd",NA
"knobd",NA
"knobe",NA
"knobead",NA
"knobed",NA
"knobeds",NA
"knobend",NA
"knober",NA
"knobes",NA
"l3itch",NA
"ladboys",NA
"ladboyz",NA
"ladiboy",NA
"ladyb0i",NA
"ladyb0y",NA
"ladyboy",NA
"m0f0",NA
"m0f0s",NA
"m0fo",NA
"m0foes",NA
"m0fos",NA
"manseed",NA
"mf'er",NA
"mf'ers",NA
"mf'ing",NA
"mfckers",NA
"MFer",0.52508967805578
"MFers",NA
"mfing",NA
"mfk",0.55017935611156
"mfs",0.536918213613129
"mfukk",NA
"mfukker",NA
"mof0es",NA
"mof0s",NA
"mofcker",NA
"mofoes",NA
"mofos",0.533602367500673
"mofuck",NA
"mofuk",NA
"mongrel",0.57508967805578
"n0bhead",NA
"n1ckker",NA
"n1g3r",NA
"n1g3rz",NA
"n1gg3r",NA
"n1gg3rs",NA
"n1gga",0.52508967805578
"n1ggah",NA
"n1ggahs",NA
"n1ggas",NA
"n1gger",NA
"n1ggers",NA
"n1gguh",NA
"n3gro",NA
"negga",NA
"neggar",NA
"negr0",NA
"niccer",NA
"nicka",0.52508967805578
"nickas",NA
"nicker",0.47517935611156
"nickk3r",NA
"nickker",NA
"niga",0.546371401668012
"nigah",NA
"nigers",NA
"nigg3r",NA
"nigg3rs",NA
"nigg4h",NA
"nigg4hs",NA
"niggahs",0.624888682239456
"niggahz",NA
"niggas",0.62211614546706
"niggass",NA
"niggerz",NA
"niggir",NA
"nigguh",0.542203926049811
"nigguhs",0.525448390278899
"nigguhz",NA
"nignigs",NA
"nigs",0.576370090988735
"niguh",NA
"nikk3r",NA
"nikkas",NA
"nikker",NA
"nobhead",NA
"nobs",NA
"nonce",NA
"nuckas",NA
"nutsack",NA
"pedo",0.42517935611156
"pedophl",NA
"pedos",NA
"pedoz",NA
"peen",0.591935700834006
"peener",NA
"phaggot",NA
"phagot",NA
"phags",NA
"phuc",0.53767935611156
"phucc",NA
"phuccer",NA
"phuck",0.53767935611156
"phuck3r",NA
"phucked",NA
"phucker",NA
"phuckin",NA
"phucks",NA
"phucup",NA
"phukeds",NA
"phukk",NA
"phukker",NA
"phuks",NA
"phuku",NA
"phukup",NA
"phuqs",NA
"pigshit",NA
"pricks",NA
"pu$sy",NA
"punani",NA
"pusses",0.55008967805578
"pussys",0.52517935611156
"puta",0.52508967805578
"puussy",NA
"puzzies",NA
"puzzy",0.55008967805578
"r3tard",NA
"ragtard",NA
"rap3d",NA
"rap3",NA
"ramrod",NA
"baztad",NA
"redskin",0.504559848892476
"retardo",NA
"rim job",NA
"s.o.b.",0.567742803336024
"s.o.b.s",NA
"sack",0.537350094977214
"sambo",NA
"scummy",NA
"scut",0.42508967805578
"sh1s",NA
"sh1t",0.52508967805578
"sh1t3",NA
"sh1te",NA
"sh1ts",NA
"sh1tt",NA
"sh1tty",NA
"sh3mal3",NA
"sh3male",NA
"sheeeet",NA
"sheet",0.638217424446238
"shemal3",NA
"shet",0.544108712223119
"shiat",NA
"shipdit",NA
"shit3",NA
"shitass",NA
"shitbag",0.52508967805578
"shitdip",NA
"shites",NA
"shitey",NA
"shitfck",NA
"shitfk",NA
"shitte",0.52517935611156
"shitti",0.531122348892476
"shlong",NA
"shmale",NA
"shtfuk",NA
"shylock",NA
"skanks",0.687858712223119
"skankz",NA
"slag",NA
"slanty",NA
"slit",0.551524526948256
"soab",0.42508967805578
"spics",0.575269034167339
"spix",NA
"stfu",0.550816772605623
"tadger",NA
"tart",0.578546495024609
"Tranny",NA
"twats",0.563396780557798
"twatt",NA
"vag",0.560464206226918
"w4nk3r",NA
"w4nker",NA
"wang",0.52508967805578
"wank3r",NA
"wank3rs",NA
"wanked",NA
"wankers",NA
"wankies",NA
"wanks",NA
"we1back",NA
"weiner",0.52508967805578
"wh0r3",NA
"wh0re",NA
"whoar",NA
"whoars",NA
"whor3",NA
"whores",0.550538068334679
"wnker",NA
"wophead",NA
"jerk",0.525717424446238
"bloody",0.517204735001345
"fuckwit",NA
"pisspot",NA
"scumbag",0.56267935611156
"smegma",NA
"lardass",NA
"sod",0.543582414133262
"sod off",NA
"shyt",0.559140435835351
"fkk",NA
"sht",0.51967850417003
"pss",0.533602367500673
"btch",0.55008967805578
"cck",0.579704735001345
"cnt",0.52508967805578
"pssy",0.55008967805578
"dam",0.585863786071957
"dmn",NA
"bish",0.557326136669357
"bzitch",NA
"p0rn",0.55008967805578
"fagit",NA
"fggt",NA
"prck",NA
"ars",0.570215535602188
"bstrd",NA
"fckr",NA
"fckn",0.525538068334678
"dck",NA
"prckr",NA
"knt",NA
"cnnt",NA
"cumface",NA
"cumhole",NA
"slutbag",NA
"gooch",NA
"nutjob",0.52508967805578
"numpty",NA
"twit",0.550498732278393
"twunt",NA
"trollop",NA
"scrote",NA
"cumrag",NA
"pissrag",NA
"cumdump",NA
"fucknut",NA
"abid",0.52508967805578
"Arabian",NA
"armo",0.562372348892476
"aseng",0.52508967805578
"banana",0.529704735001345
"brownie",0.495184848892476
"chotara",NA
"kyotara",NA
"chukhna",NA
"churka",NA
"coconut",0.52508967805578
"cracker",0.566447136232538
"crucco",NA
"descent",NA
"dogun",NA
"eyetie",NA
"fenian",NA
"flip",0.543162048246794
"fritz",NA
"gabacho",NA
"gaijin",NA
"gammon",NA
"godon",NA
"gub",NA
"guiri",NA
"guido",0.47517935611156
"guinea",0.491935700834006
"gusano",NA
"gweilo",NA
"gwer",NA
"haji",0.60008967805578
"Madrasi",NA
"mambet",NA
"mamluk",NA
"hick",0.557260485618053
"honkie",0.51565947000269
"hun",0.553009756972468
"jerry",0.560448390278899
"kalar",NA
"kalu",NA
"kalia",NA
"kallu",NA
"kebab",NA
"labas",NA
"laowai",NA
"locust",NA
"mayate",NA
"mick",0.505448390278899
"mocro",NA
"paddy",NA
"pancake",0.530448390278899
"riots",0.50017935611156
"sawney",NA
"Teague",NA
"ghetto",0.520093291553909
"taig",NA
"bomber",NA
"wasian",NA
"zip",0.542204735001345
